ID,Price
INQ0D6,0
S7ZJIY,0
CZ59WU,0
P6II8S,0
50OX2V,0
3KZ1BG,0
SJG0FF,0
S6Z1K3,0
S5Z4YC,0
L4EW07,0
EIS22D,0
7HZZLE,0
X3PR4W,0
S0SQ2V,0
DTXL89,0
60LWOL,0
56JCHS,0
JQ8AL9,0
NCP7E1,0
DF87AU,0
2P7SAD,0
5OANZ9,0
RYIVS5,0
EOSI3F,0
6I9V5T,0
0YVCAP,0
MEFNIB,0
BTIZSX,0
TKDA98,0
7YN56Y,0
VFJ3N8,0
4XA3Q6,0
L8QZG9,0
QULMX3,0
BVHUOW,0
D4FD4D,0
H1US62,0
MEBEW6,0
EZWHXM,0
C7MXZK,0
XDDRE9,0
M6C968,0
AL6JWU,0
UCUJBO,0
63J5SD,0
O9S49G,0
F5XUV9,0
KAXCHY,0
PEHQ5I,0
JQZEIZ,0
JCJ931,0
P75OON,0
FJWKD1,0
6EJYAW,0
KFRSXJ,0
DZTA13,0
LZOGW2,0
RQQIPG,0
N781SK,0
7EQ8NM,0
MEPSFD,0
1M5VMS,0
I3O8UQ,0
QVQPUW,0
ND2S2A,0
AHW56B,0
2TQD0R,0
CRL5SY,0
BX6VUS,0
L28PTL,0
3YO382,0
DJMVKO,0
TCY7UW,0
48PZ8K,0
3CCRD9,0
BH193T,0
H6YJLH,0
AV2EB0,0
BSESS1,0
QW3RQK,0
ILLXO3,0
G70MFH,0
NA745I,0
MX6RKN,0
Z4ZBOF,0
BFYZTS,0
SKT8ZI,0
N2VTF3,0
TDKDGV,0
DGAMJU,0
Z5BI6D,0
AUTVAY,0
EU6PPE,0
LZ4J7U,0
D9PBJ7,0
Y6YYI5,0
LU9SD7,0
XLQFZG,0
7D98UD,0
2DXIR1,0
232MVG,0
H3RIDN,0
DCXR8C,0
B3KW5V,0
3L0QEL,0
6CY41Z,0
EXDYX9,0
85I3ZC,0
83SVRG,0
8L817C,0
FK3VNH,0
EBFHH1,0
O81JLH,0
ODMMYI,0
59LMMC,0
G6L5YB,0
FJ0266,0
NUKURI,0
VW94OD,0
SFYWSY,0
TE4N4B,0
QC4B11,0
SN2N27,0
Z9A5G0,0
00AEG0,0
QFAN0G,0
UOBOEH,0
KB5HFG,0
7JZ5OC,0
VP4QXB,0
N6ZUS6,0
L996XG,0
YWK9RX,0
LP7ME7,0
K2G53Z,0
YGNO5I,0
FXQLJQ,0
DDZBRS,0
7OBR4A,0
QBK1R9,0
MUKKNM,0
PSBIVW,0
9E5LAY,0
XCWDBQ,0
DEIV37,0
33W8I8,0
8OMK0J,0
03FSB8,0
A826O3,0
QPB4Q8,0
K5UVCS,0
ZF6FKU,0
1A64DC,0
YHYFEC,0
A7SQQD,0
HDAD51,0
S2LT2L,0
D0G1WS,0
TGT64K,0
XEVFVM,0
X1PM2R,0
WETQ3T,0
WAHGNN,0
YR1I9L,0
AIPQXE,0
RLR9VW,0
UWOPZP,0
3MXWPU,0
DNZODR,0
RBHFLG,0
4U90TN,0
B5LBEC,0
23C7LO,0
X8UWLS,0
O3C306,0
Q92FMX,0
Z0ZPR5,0
RVD1GE,0
0N0PVV,0
O4TYGV,0
26AP41,0
0AVGLM,0
NDXO0U,0
YKPPVX,0
CVMMSS,0
PSZ9OR,0
960JC4,0
ZWVN5Z,0
JZL55F,0
AN1CJ5,0
IGS2JC,0
DJY46D,0
RTJFCA,0
0EPI0E,0
BTNQ05,0
4V1FYO,0
QBQGCN,0
57NLZ6,0
S30I8Q,0
TN1JJW,0
YIXS05,0
QQAHDV,0
QAUKWK,0
QJGX1H,0
E8B98X,0
QL007O,0
UXFXDR,0
V02WAV,0
J5EYZK,0
CB4X2T,0
4ECOLT,0
NFCJ0C,0
DNYZEC,0
LJH6GV,0
TMSC15,0
3XQPFJ,0
JUHD1T,0
73UU84,0
2TW2JA,0
DQOE6H,0
REWE63,0
5YTU6F,0
D162ZF,0
28FUGU,0
HPR39V,0
T8G2RY,0
FPQRW7,0
E9AQUP,0
K8WELO,0
45J5J8,0
FLQKGC,0
J8YUAX,0
5052H3,0
2Y2LO3,0
AIOL3M,0
P3VR3D,0
QA7UCN,0
UX88P7,0
JBZFPH,0
7H5R1J,0
R3VIVB,0
OC6M2I,0
ND8W1Y,0
1MDNAT,0
ZV34Z5,0
P0P67H,0
9PM64T,0
VB3QK0,0
BHDS6O,0
KCPIMH,0
T9DG23,0
SOWGGL,0
UT7I3D,0
0APX5G,0
X2CQQ4,0
A0QRQO,0
JIX3SF,0
4HJHCS,0
IOVJNP,0
6O7PG2,0
G5FN85,0
BP70VH,0
AC15RL,0
NWIEPW,0
EFT3TB,0
YG8EKW,0
XJ0KYQ,0
GUZC5N,0
9KV3WT,0
7X6REU,0
YIYW7C,0
S8A2JQ,0
JWXYEX,0
672QSC,0
A9YR49,0
JL3EP7,0
WN4MSA,0
FE85TS,0
QYV3DY,0
2NQFIT,0
X55PIR,0
S789LE,0
FC4WFL,0
I98XGU,0
QXRCNY,0
KO9GPH,0
OSS017,0
VIKAXN,0
VCFBPK,0
MA7MN6,0
N93HPO,0
58UZRF,0
827XKP,0
298JU5,0
XUFJML,0
20U2NE,0
CQ0AO6,0
E1U0M8,0
TVFUKE,0
2JLPLV,0
SLVEIU,0
58UVU1,0
32MH13,0
YJTW1P,0
KHDNHZ,0
B6BNHB,0
DG3EUC,0
8URDJZ,0
ZV80PZ,0
SMLBSV,0
HBRP63,0
S607ZC,0
T71IM5,0
48AQL8,0
R4MJG5,0
U9S8JI,0
OJTNWS,0
O15SW4,0
KD868N,0
AA4R89,0
RLGDXU,0
U4NKNK,0
LUSTWM,0
PR9CZC,0
71OP6T,0
NBFI89,0
46O1SV,0
FGEAAA,0
H6ZP4F,0
GPEWJK,0
BIPGSK,0
EJE7H6,0
EWSUF6,0
3RBC0E,0
TP9CQT,0
FN6MSQ,0
F7O8IW,0
DXUJU0,0
Z5Q5LD,0
63CTGB,0
HPBHJK,0
7HXY7C,0
BRWCY5,0
NE0ZKB,0
W6YN5I,0
3P4RE8,0
1SWN0R,0
VUKLJA,0
UA04CE,0
NCYO2P,0
ZBM1GF,0
WQ2T2R,0
1IJMI0,0
OEE1EC,0
I87UC7,0
WS1F72,0
0T9FDX,0
2JD5WS,0
4ECDN6,0
4VD4H3,0
HANWKM,0
85O6JK,0
GI9S4C,0
B6BMQ1,0
3L1DK0,0
JYOEAJ,0
AQS333,0
BUXDG5,0
78QBKB,0
20BVN6,0
VLI18Q,0
Z0O8TS,0
YK0XS3,0
7N6A9M,0
2OJHU3,0
FJO00S,0
W3W6LL,0
CCP2V8,0
3W3RYD,0
XAVL6L,0
RCO51W,0
19EPP8,0
QBB7O0,0
U7EV91,0
P5QJEQ,0
W0OHTG,0
GBU7BZ,0
VR6HUE,0
F0M038,0
N8ZVN9,0
HCYSXM,0
7LXII2,0
3M6SCJ,0
H292OJ,0
T1W3BL,0
4GQJI2,0
CZXNKA,0
DEXK0Y,0
KHUI2T,0
V6Y0BY,0
E4LV7S,0
16PZDG,0
TBXM73,0
WS0KOO,0
2EDIZ7,0
CB3C09,0
LVK3DX,0
PRTPMT,0
J6TRB6,0
HDWZ08,0
ZWK0P2,0
AJICGC,0
VNZU90,0
C079PC,0
914R44,0
3Y0RM2,0
G6M5OW,0
35L258,0
DU5EOS,0
LB7YYF,0
DRQUNB,0
C2BRLE,0
ZZY8IV,0
UTCHY9,0
3UYKVB,0
QHIWXK,0
1WBHU8,0
SRLL8B,0
JMIFER,0
6FH9L9,0
JBBC6Z,0
WPMGHE,0
7NIPWW,0
OJUU67,0
UVICN3,0
DMQKTJ,0
IAOPOA,0
A3QJ5M,0
DRDCWS,0
NZQ9JL,0
TI330O,0
4ON92V,0
YMUW00,0
QWA2Y3,0
2KK1G8,0
RY05YA,0
DZTSNJ,0
G5EYDZ,0
ZAXF7F,0
AELOGO,0
7DLLR6,0
C2VOUT,0
WGH85M,0
XQHNLI,0
GOI3MU,0
08B2U1,0
E2TROG,0
X13DMY,0
FDGTMV,0
FPMN73,0
IJPIFY,0
DL1Z7Y,0
AGYAMY,0
Q54Z5K,0
WAC3VE,0
G1K33D,0
GY3ID5,0
KCAYEP,0
YHH3XO,0
404HD6,0
VY6BW0,0
EGWEU4,0
SYGBUF,0
9GWY6H,0
DNBU97,0
J1AWUW,0
7BZW7B,0
67IPBL,0
RK8KWP,0
Z6GBZI,0
SJPHKT,0
OUQEV1,0
5SC65Z,0
JB0YDR,0
G829JQ,0
Z4KIWV,0
A98QUL,0
WAA636,0
LRB0BR,0
6HH4EZ,0
RDWK16,0
L22KGT,0
4UWD7R,0
EJSSOL,0
E62TQV,0
NF5V8A,0
WN12XH,0
YDFNHY,0
4NTIIG,0
E291X8,0
PELGX4,0
80HXCO,0
066IUH,0
P9O5FP,0
K7Q146,0
83OG3R,0
WNIOCQ,0
9TIEHS,0
U77EGN,0
51JBIB,0
BE3VHP,0
NOWE0V,0
FJX9DB,0
0RRABJ,0
ER1ZNB,0
YAULWP,0
V5HO8D,0
W8PQM1,0
VQ5ZSU,0
J3UGAI,0
20UK66,0
0BMOSH,0
CAJ9PO,0
RY2MZG,0
W7ME8M,0
4HFDPI,0
IF3BB8,0
Z6C9WZ,0
D81K2N,0
Z8W1ZW,0
0R7HKQ,0
JZFJVS,0
181PTL,0
1BOJPL,0
SWQ5JG,0
6JJCQO,0
CK8TM5,0
C6GK80,0
HDV1QD,0
2A5A76,0
U7OXIX,0
FQRVQG,0
980LIH,0
ELRV70,0
DBVWXY,0
OR993E,0
GOY86H,0
5NSUT4,0
UNKG2L,0
8UFAI5,0
9CKLIB,0
NEMVGS,0
9ICEA8,0
B0SOF3,0
WXFPMB,0
VP20S2,0
PZ0UWW,0
KFGI9B,0
03A5SR,0
WSCPPA,0
46GKOW,0
V56DRF,0
KDZ0D1,0
WN8L3K,0
HGPCGZ,0
QAH0BY,0
T8XBS9,0
MOHQSU,0
0DVSOT,0
0KC37E,0
4OWNQE,0
2MY4OM,0
B3SC3G,0
ZDOIAT,0
8BAXS5,0
O9UO5F,0
A2UEE7,0
WA5MYO,0
VITD5D,0
3XO7AI,0
48OSLB,0
M4NBR7,0
NA3SWD,0
KFUKZS,0
LHHFKW,0
VHBOAR,0
TJBNJM,0
ZZ1SNP,0
B7KSW6,0
C1A724,0
9CYGYQ,0
HY8LNY,0
GG8KLY,0
WI323K,0
P2KCUI,0
9G1Q1R,0
SBJEDE,0
IH6CVU,0
S8KBD8,0
RX6RYS,0
MUB08R,0
JK0WM6,0
IRUTEU,0
0XV6M8,0
U0C0GX,0
5C54B9,0
1VMJ9O,0
WNUC0S,0
L778QU,0
XHDHRD,0
SSLRM6,0
0RWLBS,0
3NGOD9,0
2J1KG4,0
V58ZHA,0
6XNPY2,0
PKR2EP,0
R09TL5,0
JVBBWZ,0
OVHB8S,0
HZHCD2,0
NUOUU1,0
8IZLGA,0
RUUBT7,0
IFH4GI,0
C1A6H1,0
Y45DTV,0
QQTRMY,0
FN57ZV,0
86NS3S,0
LHXTSP,0
PMF0XV,0
V871B7,0
N1XFSH,0
Y6KPV9,0
KF280H,0
ZVDRJU,0
60K36H,0
FXTYC4,0
RZNBZT,0
CI2A53,0
BYVASZ,0
U6S58H,0
HTWWXG,0
NDZI96,0
E7W9GJ,0
3VPZKJ,0
P41W9P,0
H6BV3R,0
8QHHHO,0
021XW3,0
LAJOBW,0
6EP34E,0
V2A0PA,0
4TEAG0,0
BT5Y1R,0
GZY3ZF,0
WVAGEZ,0
ZJINO1,0
GOK19V,0
4XM6EF,0
NM0IBQ,0
5TK5DH,0
LH6YH4,0
QMWT29,0
N8G8B8,0
P4FS83,0
X248TJ,0
4LML70,0
1CPROG,0
E66TVG,0
MAFSR5,0
UVVDHX,0
UGZ55V,0
08URN8,0
TI2G5S,0
HKSXNJ,0
Z0AHVP,0
JXJXXR,0
Y2P68M,0
K40H58,0
QHPDQA,0
X3XPOB,0
AP6G15,0
9QLS3Q,0
2L0VJS,0
PKRMAR,0
G9OZ5N,0
XT2U5S,0
RU09CA,0
3GEJMM,0
CSZZR8,0
U3S96X,0
RQ8RXU,0
DPP5TP,0
M1ICQW,0
T91T1A,0
4PWYO2,0
DTFNWG,0
QQC4ZU,0
B925K9,0
R31LI3,0
EYVA9O,0
7GZIW2,0
CRPP96,0
NJI495,0
RA2VZ8,0
3VDFLV,0
VX62FE,0
LKBWNG,0
HHUOE1,0
AMIZR6,0
D2GIR5,0
8NAN5H,0
SL0NK3,0
VSKK6W,0
GPG34Q,0
YVUQYK,0
JMVP5V,0
93GEH5,0
P3ZX7M,0
Y94L8A,0
4FO868,0
WAV4C5,0
6T7ZGH,0
OUFKA2,0
8R1BG7,0
J7J33H,0
KADUQT,0
1VYDSQ,0
U9VRSR,0
YLRYCC,0
CNF875,0
P8QPTX,0
WXGSMR,0
CCV6J7,0
L933C6,0
BI4GF5,0
MTEZSU,0
IYQJD1,0
XUX7H3,0
9P2M6M,0
KV7OF4,0
TBU0ND,0
JK6XJG,0
W5X55T,0
Y3XYHE,0
1UERV3,0
4RVP9X,0
T1IJ7M,0
HKTBN0,0
XJGAKI,0
K94ZQY,0
UTKHTU,0
8DEU8B,0
O6AHE2,0
C9JTX3,0
TTA7K7,0
021I0D,0
64BUY8,0
ZC5NG5,0
0CZCL3,0
WT9ZGI,0
ZJFX2T,0
E0C9A3,0
X894R3,0
UQJ2HB,0
XSYFJG,0
2LGQGA,0
O2DX33,0
O4PXF6,0
7KNNYT,0
6TGQ56,0
UP0LPR,0
3NIBW0,0
5BZOP5,0
8CIS6L,0
E1XGJD,0
3JGX91,0
I2XIIP,0
GP223K,0
JTNP68,0
HN4QFL,0
RUYT5Z,0
1HM7HL,0
WN2O79,0
H0AKP2,0
N7DFTV,0
1SPP4Y,0
E9QOGA,0
EPZTGX,0
913LS6,0
YNA0Z7,0
YQMWTL,0
NPW815,0
47MFLT,0
13LREA,0
OQF6Z3,0
NUUJOY,0
D5J0VN,0
RLHCEM,0
RSJ9UJ,0
XS08LL,0
JW1GLR,0
Z159EI,0
JO874S,0
WKDDRT,0
YTB93H,0
36V73Y,0
FI2KQP,0
83MH41,0
TBRT41,0
KPI1XS,0
GB7HGQ,0
G6D2GW,0
FXMEPI,0
JLXKKA,0
HSAKQ7,0
GXWUPK,0
YB039Z,0
N11VVD,0
UVMS08,0
1GI857,0
ILXPCM,0
KVKBCZ,0
RHR9ZS,0
287P93,0
U4T5O2,0
4OU8ZW,0
RLLS06,0
UBYJLD,0
1JXK9W,0
70JWCM,0
56NKGE,0
7NR8R5,0
AZWAUX,0
VA9WEA,0
MTN68R,0
1LZVN7,0
DV75FM,0
0CG58R,0
4QZASA,0
24IP45,0
427188,0
WOHY6C,0
NSVTLR,0
TCQI8L,0
JD51ZB,0
2PNOUR,0
L5BBRD,0
STHHMB,0
QNC0MY,0
9T81ZT,0
36I726,0
9MFS5I,0
MCM9NI,0
YI1GN7,0
2MYBI7,0
PNMXEZ,0
39DJGO,0
4TXOQW,0
F8S93A,0
CKP1GP,0
GZR6OP,0
32A47Y,0
9HMIGZ,0
D30S7F,0
YR03L3,0
96NW5U,0
NMG4FR,0
K0KFZE,0
103Q7E,0
T4BIWV,0
5QOHFH,0
Z6OKI8,0
F6LJCR,0
15HRSW,0
FLV1DM,0
182SWD,0
LILLNQ,0
FPTTIU,0
UN0PPQ,0
48Y6KL,0
0CW3H0,0
MRPKJ6,0
9WWDKN,0
G5QCY4,0
WYI98O,0
5A44WO,0
QGE0WD,0
C6Q84B,0
87A2UT,0
TUYXWZ,0
GHKMMQ,0
NDR3V3,0
I5LRDP,0
MQH5GT,0
P93NSY,0
H1QGET,0
OE0EOE,0
UB723J,0
A8YV4E,0
L9Q27T,0
2LTZLF,0
2TBBJX,0
3D7ZY1,0
0B6EYI,0
K1I01R,0
GWR17V,0
M87SUT,0
TBYOXY,0
9YPSKL,0
NKD7ML,0
BDGMS6,0
1E2U4N,0
B5DVUZ,0
Y9B0D4,0
14ZAVX,0
VOXBUL,0
YDHKZJ,0
2C7ACY,0
N4ZSSW,0
WA97WI,0
IANM4K,0
XSSZX0,0
HYMR24,0
DOW0WV,0
85BUB8,0
XV95NE,0
RJ0823,0
0F0SSI,0
5OGCK7,0
CGKEYO,0
GDB9KJ,0
X3IG84,0
96KSDM,0
TRJGDF,0
4FJDUO,0
VCD0CN,0
WHHJGM,0
KBQ1BF,0
VRCLH2,0
CLXUMR,0
8OU4NP,0
8QSC33,0
NY2YOW,0
FQHRTK,0
MC1MD9,0
7I894Q,0
YHILU8,0
LJ8SN3,0
1RX5EF,0
KOK4OO,0
Z9APWZ,0
XKO2RC,0
4884BU,0
XSSXUQ,0
TRPKWM,0
2RU6Q1,0
7GSC39,0
AJ524H,0
S2Q9FO,0
YBZSBD,0
IWB649,0
Q55BBZ,0
YK02UG,0
IR0DGX,0
Z2M5XY,0
D1LMAA,0
F06N38,0
EEGPV6,0
6W1HTU,0
12YGPH,0
ZO1ZZ9,0
R0NACA,0
B3CAL0,0
TNODV5,0
SJT9XB,0
WYWQGE,0
IO7XMO,0
O6RG6L,0
5FX0TG,0
P49553,0
JA2GDN,0
8WCC8Q,0
4TJBO5,0
D4XAV0,0
MJAVE9,0
ZLL8U7,0
G7H4Z9,0
JIYX7P,0
HC86SV,0
BIUVMA,0
O2MEDR,0
J0UVXI,0
2AT0QY,0
7VBA0D,0
8WC5XD,0
SUNHT3,0
3IWG3A,0
QRZHDE,0
VJ638C,0
PU2YYG,0
BEG0I8,0
4DBAJF,0
QE3SNJ,0
65WCBO,0
D4ZDHY,0
6PVXHH,0
IOEKDO,0
MQ8TPM,0
PHTKYK,0
SZX5K7,0
6YRWUZ,0
JNE18S,0
W68WBI,0
O7KN4S,0
V801KC,0
9LML7B,0
DCFQK6,0
O4RJCX,0
FJZTN5,0
1NEY4A,0
CUG8LL,0
DE6XF3,0
VCCADA,0
ZT2MH7,0
NW9VY8,0
ROJPAH,0
RNSYBQ,0
AR0BXR,0
BYSE1C,0
R5GW31,0
ENOR4H,0
36T3VA,0
8XV1KJ,0
IIJULC,0
LQ4NGM,0
7UJJVS,0
P0HY5F,0
ZNOP4H,0
VH939R,0
NB2NVB,0
HEWGW3,0
GVEC5T,0
JNPM8V,0
ELEAUM,0
WBBHIC,0
49Q12B,0
HO8UYY,0
4WR263,0
9147SZ,0
I23L9L,0
BPMTZX,0
7DVOXC,0
VINBBR,0
FVJSIS,0
BALC63,0
R2OJ4Y,0
QP36BG,0
B4FBBA,0
PIK9W7,0
QB64MH,0
Z8ZLXQ,0
345A1W,0
U8972R,0
S4LS5Y,0
WW4VL9,0
V5A222,0
WOBYJM,0
OZO9V0,0
C1NBHR,0
JVENVH,0
K9YN3D,0
JPV7RR,0
719QY1,0
YQ2I8J,0
MIOOPL,0
2WHJ5D,0
81CRSJ,0
5YTPIR,0
KG1DON,0
VA46IC,0
7ND61Q,0
WWVPGS,0
LE5S8V,0
NVR4IP,0
IBQG9B,0
PYP6BL,0
A5HY8W,0
FB0ZTV,0
F54Q9C,0
XPNVPU,0
MNLV0P,0
2A3620,0
95953E,0
9J7530,0
CU3BPE,0
V1F3U3,0
U5Q7EW,0
G7M8HP,0
4Y1YLX,0
IR58VQ,0
PUJGPG,0
5WH2JX,0
213NF2,0
0AMA9V,0
2X82WQ,0
562KC9,0
Q5MB9W,0
BS6VDD,0
ARUWYR,0
49EMS4,0
9N02HP,0
SNJXXX,0
FAXGPN,0
XNN2Y3,0
2Z3EA8,0
PQYGRQ,0
2YWS8R,0
8T0J3F,0
4QH6X6,0
QJYIM9,0
045JAB,0
MZUXI6,0
ZD6V45,0
MHGECA,0
99QSCC,0
VAB8BH,0
7ACEKY,0
1GDMBX,0
OMLL52,0
FL59ME,0
BVKWMA,0
68ZEVY,0
0C4T18,0
0U987J,0
1D96O6,0
BZV1U7,0
CCWTW9,0
MGGIOB,0
7NEWNU,0
W5EVUJ,0
9HFCAW,0
P31NRX,0
BTC9RT,0
68F58B,0
9J5EYO,0
3IG40U,0
HKWGC2,0
ZPSVC2,0
KQX5ZX,0
J3RUO9,0
WWRYFN,0
7878RJ,0
OQLSPP,0
DB5D2L,0
3T0X24,0
YTD8JJ,0
L8PDPS,0
UQTR89,0
NTCR9V,0
YJEXO3,0
1VFF19,0
4NRK9T,0
UP4QUQ,0
ZOWR3O,0
GAZSKO,0
MA874Q,0
33W9H2,0
H1NVQU,0
DZXYD0,0
Q7BSHB,0
C0EO9N,0
ATG4CV,0
SS6Z69,0
QMQN1Q,0
8T9FUD,0
AEQJ3A,0
320OLJ,0
08Y6L4,0
JH7317,0
7C2ZCU,0
3CIFIL,0
DNSUGZ,0
252QP9,0
UMJOH0,0
TF0Z2R,0
REMJ38,0
IP0O6Y,0
OUZMKD,0
JTCAO1,0
XTA9KY,0
5TL510,0
17FW5V,0
ZLM6N9,0
LARI57,0
4IYTFN,0
UMEQTL,0
EM4U0J,0
MQ277K,0
KQTRD6,0
FWNKWV,0
KOAQUD,0
DR07W4,0
1XBT2N,0
FP02O2,0
19U7X6,0
2HNMMJ,0
P3RSEK,0
IFQIZX,0
7PQFU6,0
G8Q2TS,0
S9NMGA,0
56KDUN,0
KBZ8KJ,0
UTL66R,0
99AM94,0
5SZOEI,0
T4YURS,0
VNNV0E,0
Q5LRNC,0
PHHNX8,0
ZIPGCW,0
4YK1L4,0
CMBUJI,0
B1T1W4,0
PXW0QN,0
R6GH0F,0
QYA5G8,0
WGLBZ8,0
58ZPSV,0
ZSLBVT,0
QQRIP5,0
OQI3K4,0
8D7S6E,0
D9K1S8,0
7MGKSM,0
3VOA6A,0
9VS9G0,0
BHOW2K,0
U1P8QV,0
IO2T1H,0
VG4YMR,0
RMGX6H,0
GHQSAQ,0
WGNKHV,0
VBXRCE,0
9GHMC3,0
G18MY2,0
7WH6VR,0
YI2XKC,0
ZKQOL6,0
CKK62X,0
Q5V8OX,0
8E3S0C,0
7W4A6H,0
L4THM0,0
374EAS,0
FFVUUG,0
UCWCH9,0
WDMGQW,0
QJZ0OB,0
2JSBAT,0
N3TTTE,0
MTYOM9,0
5L30ZV,0
MWMOZM,0
LPUXNM,0
Q3FXO9,0
R85YQI,0
HSRBP1,0
IM7M84,0
ABPL3B,0
3GN627,0
B1UV20,0
MSTTJI,0
EF3XA8,0
62KXAF,0
TYDJ8P,0
TD3ZTV,0
F1T439,0
NRR53S,0
ZI41HD,0
0OV6ZE,0
HRS7AB,0
DAZCCN,0
6GC2MI,0
7H2S60,0
R8KIJK,0
9NPK4I,0
4TCCVM,0
AAZE7P,0
UZ8JZF,0
5W640P,0
CDG03X,0
A2JJ0E,0
0M7IZT,0
9049MA,0
K444ZV,0
CDO706,0
IUGYDC,0
8K6GMX,0
EYKP3N,0
0GAW2J,0
23GVPS,0
REK4EQ,0
A9PPU0,0
0YP9B2,0
VT0K4B,0
DMS4TG,0
QI78DE,0
33U959,0
FUC4ST,0
AJVXGK,0
5MZLV1,0
N9FKDA,0
DRKKV7,0
PDZPR8,0
E8MYLF,0
8LOCBP,0
OO0G6C,0
VOQN13,0
Z6HXYM,0
U0C8V6,0
VGPZT6,0
ALSJ6N,0
BTCP32,0
ZC4PUH,0
R32FDI,0
JXAEFY,0
8IC7B1,0
ATY2X3,0
2G5I4L,0
I5I41F,0
8VCSGX,0
RFTWMB,0
CNS8YZ,0
0XI6T8,0
YSU84Y,0
LXRSE0,0
CXX9EA,0
C4H0ZC,0
GFWAWD,0
VQCYHT,0
LZSSMM,0
8ERK35,0
6GJ5P6,0
5SJD7M,0
PTSMUA,0
TWICIM,0
LFUK2B,0
KQNL69,0
W7PWIA,0
BMYC1H,0
0CN28R,0
D6CD1M,0
5YSUD5,0
7Q7O07,0
BJTCTQ,0
6X8CRH,0
EO08P9,0
PRN202,0
KRYETE,0
MAI3QG,0
YRDB02,0
1T57S9,0
NIWJ2Z,0
QV9542,0
S4KVCF,0
XA8T20,0
0TKK0K,0
QJ8ALN,0
P7PXIY,0
AJZRHZ,0
O5DBUQ,0
M2AQED,0
DK6S3T,0
5WWN05,0
914KZW,0
H1XUE2,0
VOXKCU,0
B4AUXV,0
800GVW,0
QMDOZR,0
T737M1,0
RLK6TL,0
3CO06V,0
GZPY9Z,0
9LTJ1J,0
9XDPB7,0
KP2CLZ,0
QUOEKH,0
GXPUR4,0
OHZD2X,0
KLTEKD,0
YKWTP4,0
C3T6H6,0
IZSCU4,0
UYXUJE,0
H37YTM,0
3PCW9S,0
3PED2U,0
OQPR4Q,0
Z25NP5,0
R3R6MD,0
UA9G3V,0
D3VYPG,0
V5ISJ1,0
0MHY1L,0
R9KAX9,0
W18H4Z,0
LDUMPC,0
TD9IEI,0
WQDT01,0
EA3TNK,0
2TUB2C,0
P94X6R,0
UI4CVD,0
SEQTFH,0
J48HYT,0
U8KMPJ,0
DFAV8M,0
W2LX9Q,0
Q3G1ME,0
Q8SSCE,0
7ZOUDK,0
HBJ0VJ,0
8YCSOL,0
UQGBGR,0
UKUEB9,0
3SDGUI,0
RI9QYM,0
I312OY,0
UW2UMO,0
IEKST6,0
N08FH2,0
Y3MESI,0
SSMTD4,0
74N7UN,0
REM4RG,0
891WNP,0
G4KGX5,0
SFZUAX,0
9Q4VXG,0
CZM6JZ,0
D2QJQ9,0
IL6QQB,0
FXWUN6,0
WG25RQ,0
LQCRAB,0
3S3OL3,0
6V1F0S,0
4EPB51,0
MR0GLL,0
2XSCT4,0
D61WVJ,0
EJSI7D,0
IE514U,0
DWP9PA,0
40059Y,0
14DSML,0
RKGVCP,0
K9593U,0
SX4HME,0
KKBL26,0
TWIVZ4,0
DK55FZ,0
V7CA4M,0
VIR87P,0
FA6FJD,0
1IYVVU,0
63NWQE,0
OJOZ2I,0
MOODD5,0
6CDE69,0
SG19SM,0
J9381W,0
3XGWL9,0
ZCVJXJ,0
82OY2R,0
GDLPH2,0
8Y07PI,0
7RLYRF,0
NOW5SZ,0
RS8UM7,0
CWRW0T,0
Q7Z939,0
73K0PC,0
XEBBL0,0
LOLVST,0
